timeslot,carbon_footprint,brown_energy,green_energy,acceptance_ratio,migration_count,ps_min,ps_5th,ps_mean,ps_95th,ps_max
0,0.0,0.0,0.0,100.0,0,13,13.0,19.9198312236,25.0,25
1,1543.57931352,566.447,468.683990356,100.0,0,13,13.0,20.4170403587,25.0,25
2,2122.31178964,783.089,650.944870858,100.0,0,13,13.0,19.8474576271,25.0,25
3,2595.73561819,980.823,653.940277697,100.0,0,13,13.0,19.8723404255,25.0,25
4,2548.91668372,952.343,575.752516767,100.0,0,13,13.0,20.0393700787,25.0,25
5,3058.8180319,1138.807,638.268052829,100.0,0,13,13.0,20.1862348178,25.0,25
6,2998.96332666,1177.861,660.866416994,100.0,0,13,13.0,19.8583333333,25.0,25
7,2787.21177438,1114.456,641.399345844,100.0,0,13,13.0,19.6767241379,25.0,25
8,2706.10923176,1075.63,630.187394255,100.0,0,13,13.0,20.0214592275,25.0,25
9,2790.48184794,1090.918,631.657365906,100.0,0,13,13.0,20.2827868852,25.0,25
10,2919.57746751,1123.239,629.097433415,100.0,0,13,13.0,16.0255319149,20.0,20
11,3331.23245274,1248.29,223.860088224,100.0,0,13,13.0,16.1,19.0,20
12,3721.04640439,1336.881,203.61612529,100.0,0,13,13.0,19.2,26.0,26
13,3452.84586792,1256.502,424.652167757,100.0,89,13,13.0,20.1757322176,25.0,26
14,2619.06013362,1021.247,840.395167585,100.0,45,13,13.5,20.081300813,25.0,25
15,2222.92390241,847.921,902.194698416,100.0,0,13,13.0,20.2727272727,25.0,25
16,2336.94807794,914.43,969.186981488,100.0,0,13,13.0,19.9537815126,25.0,25
17,1956.72463579,792.413,896.959202829,100.0,0,13,13.0,20.0609756098,25.0,25
18,2276.18570281,848.573,989.787187788,100.0,0,13,13.0,20.3646616541,25.0,25
19,2525.74385608,953.687,1048.1200229,100.0,0,13,13.0,20.012295082,25.0,25
20,2275.97145957,923.189,1042.26224376,100.0,0,13,13.0,20.0686695279,25.0,25
21,2360.3105417,933.132,996.453747225,100.0,0,13,13.0,20.04784689,25.0,25
22,2161.29284244,815.194,917.580395203,100.0,0,13,13.0,20.0424710425,25.0,25
23,2346.85952702,882.865,967.040129118,100.0,0,13,13.0,19.9760956175,25.0,25
24,2467.47806656,941.954,1068.21834006,100.0,0,0.0,0.0,0.0,0.0,0.0
25,866.634128676,327.954,359.75912132,100.0,0,0.0,0.0,0.0,0.0,0.0
26,303.865499261,118.822,139.87941317,100.0,0,0.0,0.0,0.0,0.0,0.0
27,113.628501536,44.333,58.2801902855,100.0,0,0.0,0.0,0.0,0.0,0.0
28,58.7881902529,23.001,31.9296782771,100.0,0,0.0,0.0,0.0,0.0,0.0
29,26.040512593,10.357,21.0810160549,100.0,0,0.0,0.0,0.0,0.0,0.0
30,14.6302833887,6.041,10.5980587607,100.0,0,0.0,0.0,0.0,0.0,0.0
31,5.8128469093,2.158,6.526053944,100.0,0,0.0,0.0,0.0,0.0,0.0
32,0.0,0.0,-0.0,100.0,0,0.0,0.0,0.0,0.0,0.0
