timeslot,carbon_footprint,brown_energy,green_energy,acceptance_ratio,migration_count,ps_min,ps_5th,ps_mean,ps_95th,ps_max
0,0.0,0.0,0.0,100.0,0,13,13.0,16.1681415929,20.0,20
1,353.596,295.269,120.935,100.0,0,13,13.0,16.4803921569,19.0,20
2,510.269,429.234,159.992,100.0,0,13,13.0,16.3387096774,19.85,20
3,693.896,612.433,107.831,100.0,0,13,13.0,16.2727272727,19.0,20
4,607.858,535.717,67.074,100.0,0,13,13.0,16.0099009901,19.0,20
5,556.399,500.587,51.297,100.0,0,13,13.0,16.261682243,20.0,20
6,616.517,538.785,53.257,100.0,0,13,13.0,16.1932773109,20.0,20
7,684.743,619.101,60.889,100.0,0,13,13.0,16.3362068966,20.0,20
8,715.712,647.398,65.242,100.0,0,13,13.0,15.5784313725,19.0,20
9,564.889,514.274,52.46,100.0,0,13,13.0,15.8571428571,19.0,20
10,607.462,539.443,55.793,100.0,0,13,13.0,15.9,19.0,20
11,562.184,490.66,16.505,100.0,0,13,13.0,16.0826446281,19.0,20
12,650.769,579.407,46.624,100.0,25,13,13.0,16.0485436893,20.0,20
13,539.287,454.364,155.004,100.0,1,13,13.0,16.1367521368,20.0,20
14,608.316,515.834,240.583,100.0,0,13,13.0,16.3366336634,19.0,20
15,552.366,474.992,255.458,100.0,0,13,13.0,15.7692307692,20.0,20
16,540.15,470.159,252.812,100.0,0,13,13.0,16.4028776978,19.0,20
17,606.314,529.106,269.881,100.0,0,13,13.0,16.5700934579,19.7,20
18,490.185,425.555,250.825,100.0,0,13,13.0,16.3539823009,19.0,20
19,537.43,469.282,278.851,100.0,0,13,13.0,15.875,20.0,20
20,544.398,476.429,277.256,100.0,0,13,13.0,16.2549019608,19.0,20
21,469.902,407.585,240.781,100.0,0,13,13.0,15.854368932,19.0,20
22,415.288,359.365,206.549,100.0,0,13,13.0,16.6179775281,20.0,20
23,377.054,325.63,178.526,100.0,0,13,13.0,16.6504854369,20.0,20
24,398.404,342.893,208.374,100.0,0,0.0,0.0,0.0,0.0,0.0
25,143.183,122.367,85.002,100.0,0,0.0,0.0,0.0,0.0,0.0
26,65.784,55.556,38.612,100.0,0,0.0,0.0,0.0,0.0,0.0
27,18.784,14.778,4.639,100.0,0,0.0,0.0,0.0,0.0,0.0
28,5.55,4.373,1.66,100.0,0,0.0,0.0,0.0,0.0,0.0
29,-0.0,0.0,0.0,100.0,0,0.0,0.0,0.0,0.0,0.0
